<?xml version="1.0" encoding="UTF-8" standalone="yes"?>
<addon id="plugin.video.maximus"
       name="[COLOR white][B]Maximus[/B][/COLOR]"
       version="1.0.0"
       provider-name="[B][COLOR gold]Maximus[/B][/COLOR]">
  <requires>
    <import addon="xbmc.python" version="2.1.0"/>
	<import addon="script.module.t0mm0.common" version="2.0.0"/>
    <import addon="script.module.beautifulsoup" version="3.2.1"/>
    <import addon="script.module.simple.downloader" version="0.9.4"/>
    <import addon="script.module.beautifulsoup4" />
    <import addon="script.module.simple.downloader" version="0.9.4"/>
    <import addon="script.module.requests" />
    <import addon="script.module.httplib2" />
    <import addon="script.module.urlresolver" optional="true"/>
    <import addon="script.module.simplejson" /> 
    <import addon="script.common.plugin.cache" version="2.5.2"/>
    <import addon="script.module.metahandler" version="2.5.1"/>

  </requires>
  <extension point="xbmc.python.pluginsource" library="default.py">
    <provides>video</provides>
  </extension>
 
  <extension point="xbmc.addon.metadata">
    <summary lang="en">Maximus levando o melhor conteudo a sua familia e aos quatro cantos do Mundo!!!</summary>
    <description lang="en">[B][COLOR red]ADDON oficial MAXIMUS - Proibido reprodução total ou parcial sem prévia autorização[/COLOR][/B]
[B][COLOR white]Addon MAXIMUS é de uso gratuito!![/COLOR][/B]
[B][COLOR firebrick]Mais um excelente addon de língua portuguesa como filmes recentes e também antigos, séries, animação em PT.[/COLOR][/B]</description>
     <disclaimer lang="en">[B][COLOR orange]ADDON Maximus 2020[/COLOR][/B]</disclaimer>
	 	<news>V1.0.0 - Criação de Addon.Maximus</news>
    <platform>all</platform>
	<assets>
       <icon>icon.png</icon>
       <fanart>fanart.jpg</fanart>
       <screenshot>resources/screenshots/1.jpg</screenshot>
       <screenshot>resources/screenshots/2.jpg</screenshot>
       <screenshot>resources/screenshots/3.jpg</screenshot>
    </assets>
  </extension>
</addon>
